{
    "rmse": 0.7102211877692749,
    "mae": 0.5639095314461415,
    "r2": 0.22910523659925508
}